{"cameraMode":{"drawMode":0,"name":"Shaded","section":"Shading Mode"},"sceneLighting":true,"audioPlay":false,"sceneViewState":{"m_AlwaysRefresh":false,"showFog":true,"showSkybox":true,"showFlares":true,"showImageEffects":true,"showParticleSystems":true,"showVisualEffectGraphs":true,"m_FxEnabled":true},"in2DMode":false,"pivot":{"x":8.528857231140137,"y":-60.8446044921875,"z":0.030527114868164064},"rotation":{"x":-0.06889592111110687,"y":0.5492475628852844,"z":-0.04580145701766014,"w":-0.8317816257476807},"size":0.8660253882408142,"orthographic":false}