{"cameraMode":{"drawMode":0,"name":"Shaded","section":"Shading Mode"},"sceneLighting":true,"audioPlay":false,"sceneViewState":{"m_AlwaysRefresh":false,"showFog":true,"showSkybox":true,"showFlares":true,"showImageEffects":true,"showParticleSystems":true,"showVisualEffectGraphs":true,"m_FxEnabled":false},"in2DMode":false,"pivot":{"x":7.023880481719971,"y":10.874312400817871,"z":-11.359012603759766},"rotation":{"x":-0.08061043173074722,"y":0.6731480956077576,"z":-0.07424400746822357,"w":-0.7313826084136963},"size":0.6470745801925659,"orthographic":false}