{"cameraMode":{"drawMode":0,"name":"Shaded","section":"Shading Mode"},"sceneLighting":true,"audioPlay":false,"sceneViewState":{"m_AlwaysRefresh":false,"showFog":true,"showSkybox":true,"showFlares":true,"showImageEffects":true,"showParticleSystems":true,"showVisualEffectGraphs":true,"m_FxEnabled":false},"in2DMode":false,"pivot":{"x":32.28557205200195,"y":-56.291263580322269,"z":-41.618385314941409},"rotation":{"x":-0.043780725449323657,"y":0.9552581906318665,"z":-0.22802633047103883,"w":-0.18368668854236604},"size":0.8660253882408142,"orthographic":false}