{"cameraMode":{"drawMode":0,"name":"Shaded","section":"Shading Mode"},"sceneLighting":true,"audioPlay":false,"sceneViewState":{"m_AlwaysRefresh":false,"showFog":true,"showSkybox":true,"showFlares":true,"showImageEffects":true,"showParticleSystems":true,"showVisualEffectGraphs":true,"m_FxEnabled":false},"in2DMode":false,"pivot":{"x":15.353316307067871,"y":-49.352054595947269,"z":-54.239383697509769},"rotation":{"x":-0.020764954388141633,"y":0.8332237005233765,"z":-0.03273419290781021,"w":-0.5519033670425415},"size":0.7824402451515198,"orthographic":false}